<?xml version="1.0" encoding="utf-8"?>

<!--
Ref:
http://www.cisco.com/c/dam/en/us/td/docs/wireless/asr_5000/20/AAA/20-AAA-Reference.pdf
-->

<vendor vendor-id="CiscoSystems" code="9" name="Cisco">
  <avp name="DSCP" vendor-id="CiscoSystems" code="131178" >
    <type type-name="Unsigned32" />
  </avp>

  <avp name="Rate-Limit-Action" code="131177" vendor-id="CiscoSystems" >
    <type type-name="Unsigned32"/>
    <enum name="FORWARD" code="0"></enum>
    <enum name="DROP" code="1"></enum>
    <enum name="MARK_DSCP" code="2"></enum>
  </avp>

  <avp name="QoS-Group-Rule-Install" vendor-id="CiscoSystems" code="132001" >
    <grouped>
      <gavp name="QoS-Group-Rule-Definition" />
    </grouped>
  </avp>


  <avp name="QoS-Group-Rule-Definition" code="132003" vendor-id="CiscoSystems">
    <grouped>
      <gavp name="QoS-Group-Rule-Name" />
      <gavp name="Flow-Status" />
      <gavp name="QoS-Information" />
      <gavp name="Redirect-Server" />
      <gavp name="Monitoring-Key" />
      <gavp name="Precedence" />
    </grouped>
  </avp>

  <avp name="QoS-Group-Rule-Name" vendor-id="CiscoSystems" code="132004" >
    <type type-name="OctetString" />
  </avp>

  <avp name="MBR-Limit-Exceed-Action-UL" vendor-id="CiscoSystems" code="132006" >
    <grouped>
      <gavp name="Rate-Limit-Action" />
      <gavp name="DSCP" />
    </grouped>
  </avp>

  <avp name="MBR-Limit-Exceed-Action-DL" vendor-id="CiscoSystems" code="132008" >
    <grouped>
      <gavp name="Rate-Limit-Action" />
      <gavp name="DSCP" />
    </grouped>
  </avp>

  <avp name="MBR-Burst-Size-UL" vendor-id="CiscoSystems" code="132009" >
    <type type-name="Unsigned32" />
  </avp>

  <avp name="MBR-Burst-Size-DL" vendor-id="CiscoSystems" code="132010" >
    <type type-name="Unsigned32" />
  </avp>

  <avp name="QoS-Level" code="132011" vendor-id="CiscoSystems" >
    <type type-name="Unsigned32"></type>
    <enum name="SUBSCRIBER_LEVEL" code="1"></enum>
  </avp>

</vendor>
